url,lastmod,changefreq,priority
https://petcaremalaysia.com/,2025-06-12,weekly,1.0
https://petcaremalaysia.com/services,2025-06-12,monthly,0.8
https://petcaremalaysia.com/locations,2025-06-12,weekly,0.9
https://petcaremalaysia.com/sitemap,2025-06-12,monthly,0.3
https://petcaremalaysia.com/kuala-lumpur/kuala-lumpur,2025-06-12,weekly,0.9
https://petcaremalaysia.com/kuala-lumpur/ampang,2025-06-12,weekly,0.8
https://petcaremalaysia.com/kuala-lumpur/cheras,2025-06-12,weekly,0.8
https://petcaremalaysia.com/kuala-lumpur/kepong,2025-06-12,weekly,0.8
https://petcaremalaysia.com/kuala-lumpur/setapak,2025-06-12,weekly,0.8
https://petcaremalaysia.com/kuala-lumpur/wangsa-maju,2025-06-12,weekly,0.8
https://petcaremalaysia.com/kuala-lumpur/bangsar,2025-06-12,weekly,0.8
https://petcaremalaysia.com/kuala-lumpur/mont-kiara,2025-06-12,weekly,0.8
https://petcaremalaysia.com/kuala-lumpur/sri-hartamas,2025-06-12,weekly,0.8
https://petcaremalaysia.com/kuala-lumpur/bukit-jalil,2025-06-12,weekly,0.8
https://petcaremalaysia.com/kuala-lumpur/sentul,2025-06-12,weekly,0.8
https://petcaremalaysia.com/selangor/petaling-jaya,2025-06-12,weekly,0.9
https://petcaremalaysia.com/selangor/subang-jaya,2025-06-12,weekly,0.8
https://petcaremalaysia.com/selangor/shah-alam,2025-06-12,weekly,0.8
https://petcaremalaysia.com/selangor/klang,2025-06-12,weekly,0.8
https://petcaremalaysia.com/selangor/puchong,2025-06-12,weekly,0.8
https://petcaremalaysia.com/selangor/kajang,2025-06-12,weekly,0.8
https://petcaremalaysia.com/selangor/seri-kembangan,2025-06-12,weekly,0.8
https://petcaremalaysia.com/selangor/bangi,2025-06-12,weekly,0.8
https://petcaremalaysia.com/selangor/rawang,2025-06-12,weekly,0.8
https://petcaremalaysia.com/selangor/selayang,2025-06-12,weekly,0.8
https://petcaremalaysia.com/selangor/semenyih,2025-06-12,weekly,0.8
https://petcaremalaysia.com/selangor/cyberjaya,2025-06-12,weekly,0.8
https://petcaremalaysia.com/selangor/putrajaya,2025-06-12,weekly,0.8
https://petcaremalaysia.com/selangor/ampang-jaya,2025-06-12,weekly,0.8
https://petcaremalaysia.com/selangor/gombak,2025-06-12,weekly,0.8
https://petcaremalaysia.com/selangor/sungai-buloh,2025-06-12,weekly,0.8
https://petcaremalaysia.com/selangor/damansara,2025-06-12,weekly,0.8
https://petcaremalaysia.com/selangor/kota-damansara,2025-06-12,weekly,0.8
https://petcaremalaysia.com/selangor/ara-damansara,2025-06-12,weekly,0.8
https://petcaremalaysia.com/selangor/kepong,2025-06-12,weekly,0.8
https://petcaremalaysia.com/selangor/setia-alam,2025-06-12,weekly,0.8
https://petcaremalaysia.com/selangor/bukit-raja,2025-06-12,weekly,0.8
https://petcaremalaysia.com/selangor/port-klang,2025-06-12,weekly,0.8
https://petcaremalaysia.com/johor/johor-bahru,2025-06-12,weekly,0.9
https://petcaremalaysia.com/johor/iskandar-puteri,2025-06-12,weekly,0.8
https://petcaremalaysia.com/johor/pasir-gudang,2025-06-12,weekly,0.8
https://petcaremalaysia.com/johor/kulai,2025-06-12,weekly,0.8
https://petcaremalaysia.com/johor/skudai,2025-06-12,weekly,0.8
https://petcaremalaysia.com/johor/senai,2025-06-12,weekly,0.8
https://petcaremalaysia.com/johor/batu-pahat,2025-06-12,weekly,0.8
https://petcaremalaysia.com/johor/muar,2025-06-12,weekly,0.8
https://petcaremalaysia.com/johor/kluang,2025-06-12,weekly,0.8
https://petcaremalaysia.com/johor/segamat,2025-06-12,weekly,0.8
https://petcaremalaysia.com/johor/pontian,2025-06-12,weekly,0.8
https://petcaremalaysia.com/johor/mersing,2025-06-12,weekly,0.8
https://petcaremalaysia.com/johor/kota-tinggi,2025-06-12,weekly,0.8
https://petcaremalaysia.com/johor/tangkak,2025-06-12,weekly,0.8
https://petcaremalaysia.com/penang/george-town,2025-06-12,weekly,0.9
https://petcaremalaysia.com/penang/butterworth,2025-06-12,weekly,0.8
https://petcaremalaysia.com/penang/bukit-mertajam,2025-06-12,weekly,0.8
https://petcaremalaysia.com/penang/bayan-lepas,2025-06-12,weekly,0.8
https://petcaremalaysia.com/penang/nibong-tebal,2025-06-12,weekly,0.8
https://petcaremalaysia.com/penang/jelutong,2025-06-12,weekly,0.8
https://petcaremalaysia.com/penang/air-itam,2025-06-12,weekly,0.8
https://petcaremalaysia.com/penang/gelugor,2025-06-12,weekly,0.8
https://petcaremalaysia.com/penang/tanjung-bungah,2025-06-12,weekly,0.8
https://petcaremalaysia.com/penang/balik-pulau,2025-06-12,weekly,0.8
https://petcaremalaysia.com/perak/ipoh,2025-06-12,weekly,0.9
https://petcaremalaysia.com/perak/taiping,2025-06-12,weekly,0.8
https://petcaremalaysia.com/perak/sitiawan,2025-06-12,weekly,0.8
https://petcaremalaysia.com/perak/teluk-intan,2025-06-12,weekly,0.8
https://petcaremalaysia.com/perak/batu-gajah,2025-06-12,weekly,0.8
https://petcaremalaysia.com/perak/kampar,2025-06-12,weekly,0.8
https://petcaremalaysia.com/perak/lumut,2025-06-12,weekly,0.8
https://petcaremalaysia.com/perak/kuala-kangsar,2025-06-12,weekly,0.8
https://petcaremalaysia.com/sarawak/kuching,2025-06-12,weekly,0.9
https://petcaremalaysia.com/sarawak/miri,2025-06-12,weekly,0.8
https://petcaremalaysia.com/sarawak/sibu,2025-06-12,weekly,0.8
https://petcaremalaysia.com/sarawak/bintulu,2025-06-12,weekly,0.8
https://petcaremalaysia.com/sarawak/sri-aman,2025-06-12,weekly,0.8
https://petcaremalaysia.com/sarawak/kapit,2025-06-12,weekly,0.8
https://petcaremalaysia.com/sabah/kota-kinabalu,2025-06-12,weekly,0.9
https://petcaremalaysia.com/sabah/sandakan,2025-06-12,weekly,0.8
https://petcaremalaysia.com/sabah/tawau,2025-06-12,weekly,0.8
https://petcaremalaysia.com/sabah/lahad-datu,2025-06-12,weekly,0.8
https://petcaremalaysia.com/sabah/keningau,2025-06-12,weekly,0.8
https://petcaremalaysia.com/sabah/beaufort,2025-06-12,weekly,0.8
https://petcaremalaysia.com/melaka/melaka-city,2025-06-12,weekly,0.9
https://petcaremalaysia.com/melaka/alor-gajah,2025-06-12,weekly,0.8
https://petcaremalaysia.com/melaka/jasin,2025-06-12,weekly,0.8
https://petcaremalaysia.com/melaka/ayer-keroh,2025-06-12,weekly,0.8
https://petcaremalaysia.com/melaka/bukit-beruang,2025-06-12,weekly,0.8
https://petcaremalaysia.com/kedah/alor-setar,2025-06-12,weekly,0.9
https://petcaremalaysia.com/kedah/sungai-petani,2025-06-12,weekly,0.8
https://petcaremalaysia.com/kedah/kulim,2025-06-12,weekly,0.8
https://petcaremalaysia.com/kedah/langkawi,2025-06-12,weekly,0.8
https://petcaremalaysia.com/kedah/jitra,2025-06-12,weekly,0.8
https://petcaremalaysia.com/kedah/baling,2025-06-12,weekly,0.8
https://petcaremalaysia.com/pahang/kuantan,2025-06-12,weekly,0.9
https://petcaremalaysia.com/pahang/temerloh,2025-06-12,weekly,0.8
https://petcaremalaysia.com/pahang/bentong,2025-06-12,weekly,0.8
https://petcaremalaysia.com/pahang/raub,2025-06-12,weekly,0.8
https://petcaremalaysia.com/pahang/cameron-highlands,2025-06-12,weekly,0.8
https://petcaremalaysia.com/pahang/jerantut,2025-06-12,weekly,0.8
https://petcaremalaysia.com/kelantan/kota-bharu,2025-06-12,weekly,0.9
https://petcaremalaysia.com/kelantan/pasir-mas,2025-06-12,weekly,0.8
https://petcaremalaysia.com/kelantan/tanah-merah,2025-06-12,weekly,0.8
https://petcaremalaysia.com/kelantan/tumpat,2025-06-12,weekly,0.8
https://petcaremalaysia.com/kelantan/machang,2025-06-12,weekly,0.8
https://petcaremalaysia.com/terengganu/kuala-terengganu,2025-06-12,weekly,0.9
https://petcaremalaysia.com/terengganu/kemaman,2025-06-12,weekly,0.8
https://petcaremalaysia.com/terengganu/dungun,2025-06-12,weekly,0.8
https://petcaremalaysia.com/terengganu/marang,2025-06-12,weekly,0.8
https://petcaremalaysia.com/terengganu/besut,2025-06-12,weekly,0.8
https://petcaremalaysia.com/services/emergency,2026-05-11,monthly,0.8
https://petcaremalaysia.com/ms/services/emergency,2026-05-11,monthly,0.8
https://petcaremalaysia.com/zh/services/emergency,2026-05-11,monthly,0.8
https://petcaremalaysia.com/services/vet,2026-05-11,monthly,0.8
https://petcaremalaysia.com/ms/services/vet,2026-05-11,monthly,0.8
https://petcaremalaysia.com/zh/services/vet,2026-05-11,monthly,0.8
https://petcaremalaysia.com/services/grooming,2026-05-11,monthly,0.8
https://petcaremalaysia.com/ms/services/grooming,2026-05-11,monthly,0.8
https://petcaremalaysia.com/zh/services/grooming,2026-05-11,monthly,0.8
https://petcaremalaysia.com/services/boarding,2026-05-11,monthly,0.8
https://petcaremalaysia.com/ms/services/boarding,2026-05-11,monthly,0.8
https://petcaremalaysia.com/zh/services/boarding,2026-05-11,monthly,0.8
https://petcaremalaysia.com/services/adoption,2026-05-11,monthly,0.8
https://petcaremalaysia.com/ms/services/adoption,2026-05-11,monthly,0.8
https://petcaremalaysia.com/zh/services/adoption,2026-05-11,monthly,0.8
https://petcaremalaysia.com/services/insurance,2026-05-11,monthly,0.8
https://petcaremalaysia.com/ms/services/insurance,2026-05-11,monthly,0.8
https://petcaremalaysia.com/zh/services/insurance,2026-05-11,monthly,0.8
https://petcaremalaysia.com/services/nutrition,2026-05-11,monthly,0.8
https://petcaremalaysia.com/ms/services/nutrition,2026-05-11,monthly,0.8
https://petcaremalaysia.com/zh/services/nutrition,2026-05-11,monthly,0.8
https://petcaremalaysia.com/vet-clinics
https://petcaremalaysia.com/ms/vet-clinics
https://petcaremalaysia.com/zh/vet-clinics
https://petcaremalaysia.com/search
https://petcaremalaysia.com/ms/search
https://petcaremalaysia.com/zh/search
https://petcaremalaysia.com/cat-dental-disease,2026-06-06,monthly,0.9
https://petcaremalaysia.com/ms/cat-dental-disease,2026-06-06,monthly,0.9
https://petcaremalaysia.com/zh/cat-dental-disease,2026-06-06,monthly,0.9
https://petcaremalaysia.com/cat-dental-disease/conditions/gingivitis,2026-06-06,monthly,0.8
https://petcaremalaysia.com/ms/cat-dental-disease/conditions/gingivitis,2026-06-06,monthly,0.8
https://petcaremalaysia.com/zh/cat-dental-disease/conditions/gingivitis,2026-06-06,monthly,0.8
https://petcaremalaysia.com/cat-dental-disease/conditions/tooth-resorption,2026-06-06,monthly,0.8
https://petcaremalaysia.com/ms/cat-dental-disease/conditions/tooth-resorption,2026-06-06,monthly,0.8
https://petcaremalaysia.com/zh/cat-dental-disease/conditions/tooth-resorption,2026-06-06,monthly,0.8
https://petcaremalaysia.com/cat-dental-disease/conditions/stomatitis,2026-06-06,monthly,0.8
https://petcaremalaysia.com/ms/cat-dental-disease/conditions/stomatitis,2026-06-06,monthly,0.8
https://petcaremalaysia.com/zh/cat-dental-disease/conditions/stomatitis,2026-06-06,monthly,0.8
https://petcaremalaysia.com/cat-dental-disease/conditions/tooth-fracture,2026-06-06,monthly,0.8
https://petcaremalaysia.com/ms/cat-dental-disease/conditions/tooth-fracture,2026-06-06,monthly,0.8
https://petcaremalaysia.com/zh/cat-dental-disease/conditions/tooth-fracture,2026-06-06,monthly,0.8
https://petcaremalaysia.com/cat-dental-disease/symptoms/bad-breath,2026-06-06,monthly,0.8
https://petcaremalaysia.com/ms/cat-dental-disease/symptoms/bad-breath,2026-06-06,monthly,0.8
https://petcaremalaysia.com/zh/cat-dental-disease/symptoms/bad-breath,2026-06-06,monthly,0.8
https://petcaremalaysia.com/cat-dental-disease/treatments/dental-cleaning,2026-06-06,monthly,0.8
https://petcaremalaysia.com/ms/cat-dental-disease/treatments/dental-cleaning,2026-06-06,monthly,0.8
https://petcaremalaysia.com/zh/cat-dental-disease/treatments/dental-cleaning,2026-06-06,monthly,0.8
https://petcaremalaysia.com/cat-dental-disease/prevention/home-care,2026-06-06,monthly,0.8
https://petcaremalaysia.com/ms/cat-dental-disease/prevention/home-care,2026-06-06,monthly,0.8
https://petcaremalaysia.com/zh/cat-dental-disease/prevention/home-care,2026-06-06,monthly,0.8
https://petcaremalaysia.com/cat-dental-disease/emergency-signs,2026-06-06,monthly,0.9
https://petcaremalaysia.com/ms/cat-dental-disease/emergency-signs,2026-06-06,monthly,0.9
https://petcaremalaysia.com/zh/cat-dental-disease/emergency-signs,2026-06-06,monthly,0.9
https://petcaremalaysia.com/llm-index.json,2026-06-06,weekly,0.7
